seq,applicant_id,decision,confidence,policy_allowed,policy_reason,timestamp_ns,entry_hash,prev_hash
0,1,APPROVE,0.949537,True,All features present in approved set; no protected attributes detected.,1780599702310928093,1b641ad0dd886b8ed2702b90d89a70fa9c830e1d76a7189946638c3f75daae90,0000000000000000000000000000000000000000000000000000000000000000
1,2,DENY,0.423128,True,All features present in approved set; no protected attributes detected.,1780599702310991533,b4bb80be595f95ce29ab0fb3e01c3b8c19093e68c27092bb119f3a69490cb484,1b641ad0dd886b8ed2702b90d89a70fa9c830e1d76a7189946638c3f75daae90
2,3,APPROVE,0.58202,True,All features present in approved set; no protected attributes detected.,1780599702311006211,4b430817640ddd7d02f480f0a2960cf81d879a3ae54e9566f6abc66f201dd7dd,b4bb80be595f95ce29ab0fb3e01c3b8c19093e68c27092bb119f3a69490cb484
3,4,APPROVE,0.971837,True,All features present in approved set; no protected attributes detected.,1780599702311018926,491fb8aabc5b8b4d286987c68f6c4e340da00d4eab583cf77b659e937d24ffc8,4b430817640ddd7d02f480f0a2960cf81d879a3ae54e9566f6abc66f201dd7dd
4,5,DENY,0.329472,True,All features present in approved set; no protected attributes detected.,1780599702311031193,c60541c2ebc178738dd46b1304023cfe5c2a9edf7f030ae5db5778e1cbe6d5c4,491fb8aabc5b8b4d286987c68f6c4e340da00d4eab583cf77b659e937d24ffc8
5,6,APPROVE,0.967846,True,All features present in approved set; no protected attributes detected.,1780599702311043011,23b1c1992d287ea483dbbbfc2035f2bf812dec76c6c379ac5ee4ba9665ff817d,c60541c2ebc178738dd46b1304023cfe5c2a9edf7f030ae5db5778e1cbe6d5c4
6,7,APPROVE,0.894484,True,All features present in approved set; no protected attributes detected.,1780599702311059098,3d20bfd6a211593f33fd907fbe6039be66d2d46de7e958a698050b9485f294f6,23b1c1992d287ea483dbbbfc2035f2bf812dec76c6c379ac5ee4ba9665ff817d
7,8,DENY,0.148816,True,All features present in approved set; no protected attributes detected.,1780599702311081615,a90e48449dafea40d34b57b3b332da94d72149af9a52fea1ff6ce74dc5b2522c,3d20bfd6a211593f33fd907fbe6039be66d2d46de7e958a698050b9485f294f6
8,9,DENY,0.236243,True,All features present in approved set; no protected attributes detected.,1780599702311097185,816c575e6eaf3c43fb7a7e581f4b8ef47dd503d16761f4b51b1d33d1890c89a1,a90e48449dafea40d34b57b3b332da94d72149af9a52fea1ff6ce74dc5b2522c
9,10,DENY,0.026674,True,All features present in approved set; no protected attributes detected.,1780599702311109522,3c89ebac71400f657806ec47877fbc860732c2a0e9d6b91e38377f05bed37778,816c575e6eaf3c43fb7a7e581f4b8ef47dd503d16761f4b51b1d33d1890c89a1
10,11,DENY,0.10234,True,All features present in approved set; no protected attributes detected.,1780599702311120361,a104118b41c67dc763bc4298182f9796ee5f75995f3bf022fa564ad4e75ead20,3c89ebac71400f657806ec47877fbc860732c2a0e9d6b91e38377f05bed37778
11,12,APPROVE,0.656904,True,All features present in approved set; no protected attributes detected.,1780599702311130729,a286872d621a8fe7327bb01654bad92b8813cf49796cd0e4e561f84c92a5b0a3,a104118b41c67dc763bc4298182f9796ee5f75995f3bf022fa564ad4e75ead20
12,13,APPROVE,0.537999,True,All features present in approved set; no protected attributes detected.,1780599702311141736,67144d6e9ddfc0648608a167d99826291a44bbcbbdbbc4ed95e34df86a2aa995,a286872d621a8fe7327bb01654bad92b8813cf49796cd0e4e561f84c92a5b0a3
13,14,DENY,0.187914,True,All features present in approved set; no protected attributes detected.,1780599702311152784,17758aeed8dc0cc6969daf3d1206f981b48e44c9af1ac82633b8e281e10d37e0,67144d6e9ddfc0648608a167d99826291a44bbcbbdbbc4ed95e34df86a2aa995
14,15,DENY,0.029103,True,All features present in approved set; no protected attributes detected.,1780599702311163058,e5b7bcaa9dff8e492e9c98590f5c494e1ad8c31612dc89eed853ded23be1eb9d,17758aeed8dc0cc6969daf3d1206f981b48e44c9af1ac82633b8e281e10d37e0
15,16,DENY,0.239557,True,All features present in approved set; no protected attributes detected.,1780599702311174401,63b7389bfa4cb18d81b34b5a1d12e10b967ac700c7be66c0bc10676200cb489a,e5b7bcaa9dff8e492e9c98590f5c494e1ad8c31612dc89eed853ded23be1eb9d
16,17,APPROVE,0.910451,True,All features present in approved set; no protected attributes detected.,1780599702311184215,7384dd80d062efc34e804d8ac8e360180c73fa3e0052669bc2f2b7537843071d,63b7389bfa4cb18d81b34b5a1d12e10b967ac700c7be66c0bc10676200cb489a
17,18,DENY,0.023894,True,All features present in approved set; no protected attributes detected.,1780599702311194415,b58cb6cec958bc56bc30403e24c383d3ab02b89cd711736a728c32e39999bbc6,7384dd80d062efc34e804d8ac8e360180c73fa3e0052669bc2f2b7537843071d
18,19,APPROVE,0.773408,True,All features present in approved set; no protected attributes detected.,1780599702311204554,81a8ed1664e1d2ed23caaa1f5ccdafb6a1f15cc5a1058b9e9c6c133602a210af,b58cb6cec958bc56bc30403e24c383d3ab02b89cd711736a728c32e39999bbc6
19,20,APPROVE,0.900451,True,All features present in approved set; no protected attributes detected.,1780599702311214376,597b2fe80cf66622df429412fed75ea11e112a73d05de0cd3e731ccf2930541b,81a8ed1664e1d2ed23caaa1f5ccdafb6a1f15cc5a1058b9e9c6c133602a210af
20,21,APPROVE,0.975838,True,All features present in approved set; no protected attributes detected.,1780599702311223872,7f9a9d157de369e9474805b99b9ee0869707607501e5589327f71fc9ce14be2e,597b2fe80cf66622df429412fed75ea11e112a73d05de0cd3e731ccf2930541b
21,22,APPROVE,0.879957,True,All features present in approved set; no protected attributes detected.,1780599702311233451,4db5edb360e7aed4e694618db4e4516931e82a19d767702b41a91d0ae33daa25,7f9a9d157de369e9474805b99b9ee0869707607501e5589327f71fc9ce14be2e
22,23,APPROVE,0.730475,True,All features present in approved set; no protected attributes detected.,1780599702311243335,83c9cab6cbe69faa507ed1af8ca79d5783b5e503b87801de2f78b2028a78097c,4db5edb360e7aed4e694618db4e4516931e82a19d767702b41a91d0ae33daa25
23,24,APPROVE,0.953266,True,All features present in approved set; no protected attributes detected.,1780599702311253084,77df21deb39b6ada058c1fd6ac298dd3498db88196625face66084ab3b818158,83c9cab6cbe69faa507ed1af8ca79d5783b5e503b87801de2f78b2028a78097c
24,25,APPROVE,0.816253,True,All features present in approved set; no protected attributes detected.,1780599702311262918,97a4c876963377a26b3c6cf307770e4b4add3727147158fcee96d5a469a347fd,77df21deb39b6ada058c1fd6ac298dd3498db88196625face66084ab3b818158
25,26,DENY,0.038623,True,All features present in approved set; no protected attributes detected.,1780599702311272570,567f6cb809f88ad1f1723e14180d76dbdcb0a524ef39e9e8969f55d042f08cfe,97a4c876963377a26b3c6cf307770e4b4add3727147158fcee96d5a469a347fd
26,27,APPROVE,0.833136,True,All features present in approved set; no protected attributes detected.,1780599702311284073,ea6d91ab32958e70edeefa689316b35c6ee4de646569e93b784cd4417031827f,567f6cb809f88ad1f1723e14180d76dbdcb0a524ef39e9e8969f55d042f08cfe
27,28,DENY,0.189779,True,All features present in approved set; no protected attributes detected.,1780599702311293655,e0de78af220cef996d964379d9c9d0238cf200bc2f74d25accc68945ac201a4b,ea6d91ab32958e70edeefa689316b35c6ee4de646569e93b784cd4417031827f
28,29,DENY,0.01118,True,All features present in approved set; no protected attributes detected.,1780599702311303156,16fa775bf02dada45cfae8bc6827a4188d04a986045c5643625a12e8e726fb76,e0de78af220cef996d964379d9c9d0238cf200bc2f74d25accc68945ac201a4b
29,30,APPROVE,0.942957,True,All features present in approved set; no protected attributes detected.,1780599702311312529,3bff8fef5b5449ec2d322663c3e3835ddc9640613fd4a42e24ffb3e141cc9b88,16fa775bf02dada45cfae8bc6827a4188d04a986045c5643625a12e8e726fb76
30,31,DENY,0.081527,True,All features present in approved set; no protected attributes detected.,1780599702311321879,24955d13ddbee8876839f79c97b2d2d8ab9757c3c72e28be0b4690c1d0efd901,3bff8fef5b5449ec2d322663c3e3835ddc9640613fd4a42e24ffb3e141cc9b88
31,32,APPROVE,0.689309,True,All features present in approved set; no protected attributes detected.,1780599702311331315,1574a42caebe9ea3cee582ba2870fe0299e53fd1dd4e48d9908950d9a47ca8aa,24955d13ddbee8876839f79c97b2d2d8ab9757c3c72e28be0b4690c1d0efd901
32,33,APPROVE,0.775409,True,All features present in approved set; no protected attributes detected.,1780599702311340817,4a66ff688d3654750cf1585477633a3b06aa4d3c0224cd185c2b9d758191ca6e,1574a42caebe9ea3cee582ba2870fe0299e53fd1dd4e48d9908950d9a47ca8aa
33,34,DENY,0.097639,True,All features present in approved set; no protected attributes detected.,1780599702311350561,7487464ad800e6036dabe2aee3e74ac01301f0ecde2ff5a94f263601fc342be6,4a66ff688d3654750cf1585477633a3b06aa4d3c0224cd185c2b9d758191ca6e
34,35,DENY,0.181435,True,All features present in approved set; no protected attributes detected.,1780599702311360274,f830932cd3386355f1f3079d86fbbbd437eea74fb8ad8be8f3912c773b6ed72e,7487464ad800e6036dabe2aee3e74ac01301f0ecde2ff5a94f263601fc342be6
35,36,DENY,0.02999,True,All features present in approved set; no protected attributes detected.,1780599702311369796,6be4d0504baa25d0bcdc30694f22fe2bf6dca7e88f33be678d4b7bf81d235b64,f830932cd3386355f1f3079d86fbbbd437eea74fb8ad8be8f3912c773b6ed72e
36,37,DENY,0.059959,True,All features present in approved set; no protected attributes detected.,1780599702311379158,5a9e4ae739f937eb16bc675c8f5d6cf8bef75d3453b95aac7e2f2f82478cf778,6be4d0504baa25d0bcdc30694f22fe2bf6dca7e88f33be678d4b7bf81d235b64
37,38,APPROVE,0.924096,True,All features present in approved set; no protected attributes detected.,1780599702311391431,24ef28bceb4cf262590ac35c570c5e076d244f1ebd094b36a6c706928bcc83e3,5a9e4ae739f937eb16bc675c8f5d6cf8bef75d3453b95aac7e2f2f82478cf778
38,39,DENY,0.034005,True,All features present in approved set; no protected attributes detected.,1780599702311400924,24c080859d60a46e11dce93fa9d9c6eaa76bc7d5c5ca23c31e75d7c7c7bf44d9,24ef28bceb4cf262590ac35c570c5e076d244f1ebd094b36a6c706928bcc83e3
39,40,APPROVE,0.871316,True,All features present in approved set; no protected attributes detected.,1780599702311410225,39238bb9db386513e470c01e6031a467fb2513444f47333d6dbe7d35667dfd2e,24c080859d60a46e11dce93fa9d9c6eaa76bc7d5c5ca23c31e75d7c7c7bf44d9
40,41,DENY,0.320611,True,All features present in approved set; no protected attributes detected.,1780599702311419482,4145ef894d0d01d73d284de3e38752301610b916c21df68f1c82ca4e07c22c95,39238bb9db386513e470c01e6031a467fb2513444f47333d6dbe7d35667dfd2e
41,42,APPROVE,0.713575,True,All features present in approved set; no protected attributes detected.,1780599702311430908,0819398a060be4bb4559dfcb746d99d569cc22ae89f7ab4693bfed5f8b20fac9,4145ef894d0d01d73d284de3e38752301610b916c21df68f1c82ca4e07c22c95
42,43,DENY,0.171335,True,All features present in approved set; no protected attributes detected.,1780599702311440300,7ef0ceba57053577bef14fa7c32e3f2b86803f857dcba098d62e7cc532d6b271,0819398a060be4bb4559dfcb746d99d569cc22ae89f7ab4693bfed5f8b20fac9
43,44,DENY,0.30377,True,All features present in approved set; no protected attributes detected.,1780599702311449774,b8553c4b28c5cbc5ddf59c5130565e9384a2fa3cd5e82ce6400728fc5ea46cb6,7ef0ceba57053577bef14fa7c32e3f2b86803f857dcba098d62e7cc532d6b271
44,45,APPROVE,0.983341,True,All features present in approved set; no protected attributes detected.,1780599702311459186,27ef1c2c8d6f1306034b7c8b8ebcb01f422bda1e213e9aa1a78b2ce3982b2674,b8553c4b28c5cbc5ddf59c5130565e9384a2fa3cd5e82ce6400728fc5ea46cb6
45,46,APPROVE,0.997666,True,All features present in approved set; no protected attributes detected.,1780599702311468529,dccdbfe6e89b09f841a22de9888ff05237c746da0417feb35f1dcbf0066b9e81,27ef1c2c8d6f1306034b7c8b8ebcb01f422bda1e213e9aa1a78b2ce3982b2674
46,47,DENY,0.244541,True,All features present in approved set; no protected attributes detected.,1780599702311477796,1a3294a6ef41161dfb43a8a9e45457adf4f41e9c4121c482f66d59f64a27f7c3,dccdbfe6e89b09f841a22de9888ff05237c746da0417feb35f1dcbf0066b9e81
47,48,APPROVE,0.780202,True,All features present in approved set; no protected attributes detected.,1780599702311488421,5af09673d2a7d58f8a0878846705400ac8d2ed55404cddb9489c79cfe815d589,1a3294a6ef41161dfb43a8a9e45457adf4f41e9c4121c482f66d59f64a27f7c3
48,49,APPROVE,0.949969,True,All features present in approved set; no protected attributes detected.,1780599702311497791,9bf0bd96f039369d14cd8acbb9e75c3e2dd3b412effcfae4360dc32d30998789,5af09673d2a7d58f8a0878846705400ac8d2ed55404cddb9489c79cfe815d589
49,50,DENY,0.079093,True,All features present in approved set; no protected attributes detected.,1780599702311507096,d1159b1f9c880da1376dc7c02cce984dc483896fe5bfb024380bc58a5001e6a5,9bf0bd96f039369d14cd8acbb9e75c3e2dd3b412effcfae4360dc32d30998789
50,51,APPROVE,0.643129,True,All features present in approved set; no protected attributes detected.,1780599702311516383,629eeb5985700d362a88e1abb866c57cf75023b44d429c0f089b746ff91ac244,d1159b1f9c880da1376dc7c02cce984dc483896fe5bfb024380bc58a5001e6a5
51,52,DENY,0.173668,True,All features present in approved set; no protected attributes detected.,1780599702311525602,9b22afb6400d72f77a02572b69c4e9c9d495ffcc2517cf352ac838b0674938d6,629eeb5985700d362a88e1abb866c57cf75023b44d429c0f089b746ff91ac244
52,53,APPROVE,0.955757,True,All features present in approved set; no protected attributes detected.,1780599702311535070,02a5ee672a67d63c8f1c79228e5463263bdf9be30373719568b88535977eb647,9b22afb6400d72f77a02572b69c4e9c9d495ffcc2517cf352ac838b0674938d6
53,54,DENY,0.070325,True,All features present in approved set; no protected attributes detected.,1780599702311544662,078c25ba122b243e91fcdd4faa30f9d71d16cc699b582344b95bd5cfe79ed3c2,02a5ee672a67d63c8f1c79228e5463263bdf9be30373719568b88535977eb647
54,55,APPROVE,0.959193,True,All features present in approved set; no protected attributes detected.,1780599702311553956,b39ad60c8b7339d06db340a611c9d759ff9d617f9e2e7646a45eb8b95be8b04b,078c25ba122b243e91fcdd4faa30f9d71d16cc699b582344b95bd5cfe79ed3c2
55,56,APPROVE,0.958638,True,All features present in approved set; no protected attributes detected.,1780599702311563307,cb954207df6fa72a998d337c01b256236bfd8be5e48a08be195866a50d912f48,b39ad60c8b7339d06db340a611c9d759ff9d617f9e2e7646a45eb8b95be8b04b
56,57,DENY,0.069551,True,All features present in approved set; no protected attributes detected.,1780599702311572570,70d72739ad9029cdf4e8e1a19c8144e475708712c0fa54165fb58d01820772dd,cb954207df6fa72a998d337c01b256236bfd8be5e48a08be195866a50d912f48
57,58,APPROVE,0.951562,True,All features present in approved set; no protected attributes detected.,1780599702311581939,53327ef448c7750579e67a292c008787cd015c24766726bf5de1f2e0b4a16c25,70d72739ad9029cdf4e8e1a19c8144e475708712c0fa54165fb58d01820772dd
58,59,DENY,0.206591,True,All features present in approved set; no protected attributes detected.,1780599702311592911,4042a4750c3b77c74a5edf16affe56c3c36e0c618d30d557862ba3a9e4377a7f,53327ef448c7750579e67a292c008787cd015c24766726bf5de1f2e0b4a16c25
59,60,DENY,0.008444,True,All features present in approved set; no protected attributes detected.,1780599702311602401,1e5d66503d02036f39da26781aaf11510dd4b408160f03b3845b4cacece1e89c,4042a4750c3b77c74a5edf16affe56c3c36e0c618d30d557862ba3a9e4377a7f
60,61,APPROVE,0.968467,True,All features present in approved set; no protected attributes detected.,1780599702311613368,45fc36261b360afe61b5f911f3f854b9a0e4c59aa3880bc005f299115edd05c6,1e5d66503d02036f39da26781aaf11510dd4b408160f03b3845b4cacece1e89c
61,62,DENY,0.024777,True,All features present in approved set; no protected attributes detected.,1780599702311622958,23b28bb1a2b6bc4e3715fc87ce6e94809b6812fb2e16d4b9d324dc076c949aee,45fc36261b360afe61b5f911f3f854b9a0e4c59aa3880bc005f299115edd05c6
62,63,DENY,0.282352,True,All features present in approved set; no protected attributes detected.,1780599702311632289,73f854ab73200fc9dc449cad39b7d2ccecd0fc91ed05db52408892791b946a09,23b28bb1a2b6bc4e3715fc87ce6e94809b6812fb2e16d4b9d324dc076c949aee
63,64,DENY,0.34778,True,All features present in approved set; no protected attributes detected.,1780599702311641489,526504a9700875e4acf5c92088e510cacd5ab77145d1bd2f01b042c1c491c9e4,73f854ab73200fc9dc449cad39b7d2ccecd0fc91ed05db52408892791b946a09
64,65,DENY,0.06455,True,All features present in approved set; no protected attributes detected.,1780599702311650972,7713d4663cd074d9c2d82c2f08e8e4d0e8d3fb082d0da0fa5f12e1716c255e0c,526504a9700875e4acf5c92088e510cacd5ab77145d1bd2f01b042c1c491c9e4
65,66,APPROVE,0.604459,True,All features present in approved set; no protected attributes detected.,1780599702311660907,ed8323ed626940bf549196310358b0e0d12b515767f7a83eb6f56148cd396d90,7713d4663cd074d9c2d82c2f08e8e4d0e8d3fb082d0da0fa5f12e1716c255e0c
66,67,DENY,0.092946,True,All features present in approved set; no protected attributes detected.,1780599702311670362,e558cc6e59e79f3fc986462970f25996c4014e335c6809b89e6da351839c17b5,ed8323ed626940bf549196310358b0e0d12b515767f7a83eb6f56148cd396d90
67,68,DENY,0.331555,True,All features present in approved set; no protected attributes detected.,1780599702311679670,a9bfd5f42ff520f615178f3afe4349a62d654ce101076877c390e4bef79e9ffb,e558cc6e59e79f3fc986462970f25996c4014e335c6809b89e6da351839c17b5
68,69,DENY,0.01398,True,All features present in approved set; no protected attributes detected.,1780599702311688896,66c298f2dfd6c6e59a4dee3f1e56f85e4029562818877f232941dcb8ad369f8e,a9bfd5f42ff520f615178f3afe4349a62d654ce101076877c390e4bef79e9ffb
69,70,APPROVE,0.932654,True,All features present in approved set; no protected attributes detected.,1780599702311700925,48c0236284fe40641ba87822dafe9b5a3697f3f30cff35413ee0816029b39f45,66c298f2dfd6c6e59a4dee3f1e56f85e4029562818877f232941dcb8ad369f8e
70,71,APPROVE,0.551262,True,All features present in approved set; no protected attributes detected.,1780599702311710224,9ba3d81891aec36e927a8a62ea24c107f1837172704f0612291a7b224b17e94e,48c0236284fe40641ba87822dafe9b5a3697f3f30cff35413ee0816029b39f45
71,72,APPROVE,0.868593,True,All features present in approved set; no protected attributes detected.,1780599702311719616,2cd0cc9b570f0e0e312416dd5d7d0939604571f742de45471e35f06c65bccbc0,9ba3d81891aec36e927a8a62ea24c107f1837172704f0612291a7b224b17e94e
72,73,APPROVE,0.828185,True,All features present in approved set; no protected attributes detected.,1780599702311728792,5d620ca7fa3a38613a49e15cda42590f5dd2062bae6f8c74d9b5dc89134a7817,2cd0cc9b570f0e0e312416dd5d7d0939604571f742de45471e35f06c65bccbc0
73,74,DENY,0.273279,True,All features present in approved set; no protected attributes detected.,1780599702311738009,3dcb0d1eeb1b3ed2924d980637281b378cd0350724664bc0dcf1eee81b21ba91,5d620ca7fa3a38613a49e15cda42590f5dd2062bae6f8c74d9b5dc89134a7817
74,75,DENY,0.078937,True,All features present in approved set; no protected attributes detected.,1780599702311747264,a4bff1c94c875ebdcc7c26d72dce6b2fdacddc87ac8c951801d711744ca0815d,3dcb0d1eeb1b3ed2924d980637281b378cd0350724664bc0dcf1eee81b21ba91
75,76,APPROVE,0.806876,True,All features present in approved set; no protected attributes detected.,1780599702311756567,12b7150503e277b4e40cf0c9391928385e86a55caeda388037cfee4611bfa560,a4bff1c94c875ebdcc7c26d72dce6b2fdacddc87ac8c951801d711744ca0815d
76,77,APPROVE,0.904163,True,All features present in approved set; no protected attributes detected.,1780599702311765820,04331782b52c1388a62341151d294851ab1a25a68f30ef17b9226bafcc239bfd,12b7150503e277b4e40cf0c9391928385e86a55caeda388037cfee4611bfa560
77,78,DENY,0.051308,True,All features present in approved set; no protected attributes detected.,1780599702311776126,e93a68c1e8e06cb7e1e0ef91c052d8e93960c7aab288675bf0145e3f50bfc520,04331782b52c1388a62341151d294851ab1a25a68f30ef17b9226bafcc239bfd
78,79,APPROVE,0.889254,True,All features present in approved set; no protected attributes detected.,1780599702311785289,6f446020fa57a4f9bc815aa7de0b9d8b60a3b98e6fd60d0ced5551f7ca70552b,e93a68c1e8e06cb7e1e0ef91c052d8e93960c7aab288675bf0145e3f50bfc520
79,80,DENY,0.177575,True,All features present in approved set; no protected attributes detected.,1780599702311796105,4b0ef32799df7e30a209ab9a17c93bb5b9f4eda7e50837fb6dd7473e3e4f32d0,6f446020fa57a4f9bc815aa7de0b9d8b60a3b98e6fd60d0ced5551f7ca70552b
80,81,DENY,0.303181,True,All features present in approved set; no protected attributes detected.,1780599702311805359,ef5c74f2d8a771cc9dbb3dc1699edf464248454be2f2334df6cd1bd36c74670b,4b0ef32799df7e30a209ab9a17c93bb5b9f4eda7e50837fb6dd7473e3e4f32d0
81,82,APPROVE,0.943171,True,All features present in approved set; no protected attributes detected.,1780599702311814785,bf76f9d5bb6f85f18918575369f7d521283b3e0e076f9d34b328d05de05fd240,ef5c74f2d8a771cc9dbb3dc1699edf464248454be2f2334df6cd1bd36c74670b
82,83,APPROVE,0.808276,True,All features present in approved set; no protected attributes detected.,1780599702311823937,a0d948c571d1753b0be0678ee9cbdf9e9bb7eecea535fcc0104b98a60dea084b,bf76f9d5bb6f85f18918575369f7d521283b3e0e076f9d34b328d05de05fd240
83,84,DENY,0.428664,True,All features present in approved set; no protected attributes detected.,1780599702311833196,6376f6543d4b428fd46a5755a4f669b3e368db0d7e9c142ed68d34e58aefc24a,a0d948c571d1753b0be0678ee9cbdf9e9bb7eecea535fcc0104b98a60dea084b
84,85,DENY,0.141768,True,All features present in approved set; no protected attributes detected.,1780599702311875903,361664dfe3afc52008c8f7c8d636d7e797f92e94721b62183ad099b611c36161,6376f6543d4b428fd46a5755a4f669b3e368db0d7e9c142ed68d34e58aefc24a
85,86,DENY,0.115916,True,All features present in approved set; no protected attributes detected.,1780599702311889750,bd3f32d64e9af34f178f9f59f59facfabcc8570b1b2ddf869827df9521063cca,361664dfe3afc52008c8f7c8d636d7e797f92e94721b62183ad099b611c36161
86,87,APPROVE,0.772328,True,All features present in approved set; no protected attributes detected.,1780599702311900544,c74b4b5f8de2de79a3292230dce648759f0b78e8aee7fe7f8679dfe403c324b7,bd3f32d64e9af34f178f9f59f59facfabcc8570b1b2ddf869827df9521063cca
87,88,APPROVE,0.827105,True,All features present in approved set; no protected attributes detected.,1780599702311910544,820535c6c2142aace04c175902054b9bb991446687825871ff348ad0667c6d2f,c74b4b5f8de2de79a3292230dce648759f0b78e8aee7fe7f8679dfe403c324b7
88,89,DENY,0.215366,True,All features present in approved set; no protected attributes detected.,1780599702311920516,d1bb88e028925d0289eae9068d8ea51f66778866964b4043934da17c172858f1,820535c6c2142aace04c175902054b9bb991446687825871ff348ad0667c6d2f
89,90,APPROVE,0.88429,True,All features present in approved set; no protected attributes detected.,1780599702311930512,286aa17f4f39803f69aca702c57f0afe1dfbb35c6729c265f5b06e927e791cda,d1bb88e028925d0289eae9068d8ea51f66778866964b4043934da17c172858f1
90,91,DENY,0.318173,True,All features present in approved set; no protected attributes detected.,1780599702311942438,2539e6953f6b0ca4f20e276842256ec32a37e869937d2d9a826862e29b2d36b6,286aa17f4f39803f69aca702c57f0afe1dfbb35c6729c265f5b06e927e791cda
91,92,APPROVE,0.794051,True,All features present in approved set; no protected attributes detected.,1780599702311952660,66b6a16e039c0407a196d60a3ded6090e3cf864726b7eaecf9ade8e5f0a7f919,2539e6953f6b0ca4f20e276842256ec32a37e869937d2d9a826862e29b2d36b6
92,93,APPROVE,0.880928,True,All features present in approved set; no protected attributes detected.,1780599702311962663,8dd5cd3021d7f7996f6185c35e848ae404772f976094547cfca04a3bb9b201c0,66b6a16e039c0407a196d60a3ded6090e3cf864726b7eaecf9ade8e5f0a7f919
93,94,DENY,0.35009,True,All features present in approved set; no protected attributes detected.,1780599702311972724,8f5995d697fa9a5435e66660bee3542d62c8f5534332c2f79fb975475475c924,8dd5cd3021d7f7996f6185c35e848ae404772f976094547cfca04a3bb9b201c0
94,95,DENY,0.099216,True,All features present in approved set; no protected attributes detected.,1780599702311982424,d41587d428188346e7e699140b57b31f443f216998e21c3b591773cf9d0a52f4,8f5995d697fa9a5435e66660bee3542d62c8f5534332c2f79fb975475475c924
95,96,APPROVE,0.780523,True,All features present in approved set; no protected attributes detected.,1780599702311991867,c9844d2f78572a3b2120b886545f1e2f5cd928028be01b422243360639abbad6,d41587d428188346e7e699140b57b31f443f216998e21c3b591773cf9d0a52f4
96,97,DENY,0.070953,True,All features present in approved set; no protected attributes detected.,1780599702312001411,0c6e8c04dfe4fb79611b7bc0cb4b72c5e6f1f9961eabde4c1601fd8621013047,c9844d2f78572a3b2120b886545f1e2f5cd928028be01b422243360639abbad6
97,98,DENY,0.01675,True,All features present in approved set; no protected attributes detected.,1780599702312010914,ef82fc5864e75880733fc4e8e1fa5c09fb32ad572d13e30c7d69c6e49105a2d9,0c6e8c04dfe4fb79611b7bc0cb4b72c5e6f1f9961eabde4c1601fd8621013047
98,99,APPROVE,0.50609,True,All features present in approved set; no protected attributes detected.,1780599702312020336,a48975deafde1f208dad394d824ed39baaee25b9cffe738dfa82919b261576dd,ef82fc5864e75880733fc4e8e1fa5c09fb32ad572d13e30c7d69c6e49105a2d9
99,100,APPROVE,0.922295,True,All features present in approved set; no protected attributes detected.,1780599702312029648,89c7fa820a710054795eddea68bd2e0278945ed44c6d58b5d62be687f534744f,a48975deafde1f208dad394d824ed39baaee25b9cffe738dfa82919b261576dd
100,101,DENY,0.14025,True,All features present in approved set; no protected attributes detected.,1780599702312040624,650979a618bb893893fa47b52040b87848f448d5da914968eb14a18f79923ba3,89c7fa820a710054795eddea68bd2e0278945ed44c6d58b5d62be687f534744f
101,102,APPROVE,0.972638,True,All features present in approved set; no protected attributes detected.,1780599702312051852,aedaafa715b000a932bf97468072e073f8b3cd1c5886a7619d7ebf42a8ccbb9c,650979a618bb893893fa47b52040b87848f448d5da914968eb14a18f79923ba3
102,103,APPROVE,0.91142,True,All features present in approved set; no protected attributes detected.,1780599702312061459,7d108ae2de89fcdbc6c7d1f3c67a9b476d4a35178af2b344a22cfadf583aecf1,aedaafa715b000a932bf97468072e073f8b3cd1c5886a7619d7ebf42a8ccbb9c
103,104,APPROVE,0.872815,True,All features present in approved set; no protected attributes detected.,1780599702312072409,112ed438c32edb9a4be613eddd7ff0df4cd36ff8d1e4e35afc196c4c47849c5a,7d108ae2de89fcdbc6c7d1f3c67a9b476d4a35178af2b344a22cfadf583aecf1
104,105,DENY,0.410713,True,All features present in approved set; no protected attributes detected.,1780599702312082264,d239308a24078a246a4df3bffaa7f7f0098ecc37b499f9d8167098d659a26171,112ed438c32edb9a4be613eddd7ff0df4cd36ff8d1e4e35afc196c4c47849c5a
105,106,APPROVE,0.807879,True,All features present in approved set; no protected attributes detected.,1780599702312091656,2d594b33c15e09c25204482712c10f4f7740b3b87faaa362ff7f81f56f453a2c,d239308a24078a246a4df3bffaa7f7f0098ecc37b499f9d8167098d659a26171
106,107,APPROVE,0.520766,True,All features present in approved set; no protected attributes detected.,1780599702312100992,f680f37dee2a8180098f5d28ed35dc3ca13e8a7bc7f78501654020e3d6933216,2d594b33c15e09c25204482712c10f4f7740b3b87faaa362ff7f81f56f453a2c
107,108,DENY,0.229193,True,All features present in approved set; no protected attributes detected.,1780599702312110424,0ed3b3a68ba5118823be5a9fb6b6e1ef37bb2776e34380224755a71ba0461a24,f680f37dee2a8180098f5d28ed35dc3ca13e8a7bc7f78501654020e3d6933216
108,109,DENY,0.034144,True,All features present in approved set; no protected attributes detected.,1780599702312119746,1dca29e1f582a9195fa0ca8462b5548898318fba498b114675339e3b9ff54037,0ed3b3a68ba5118823be5a9fb6b6e1ef37bb2776e34380224755a71ba0461a24
109,110,APPROVE,0.767319,True,All features present in approved set; no protected attributes detected.,1780599702312129367,d9ce646c5b6b7181766ab5ef42a5b4b5ee88b8c478ec09a8d58b9bfe54bf2317,1dca29e1f582a9195fa0ca8462b5548898318fba498b114675339e3b9ff54037
110,111,APPROVE,0.667505,True,All features present in approved set; no protected attributes detected.,1780599702312138740,2383330d8e883f3a965948b9fa4449ee4d898ed62259d54553e37fb50df3fd72,d9ce646c5b6b7181766ab5ef42a5b4b5ee88b8c478ec09a8d58b9bfe54bf2317
111,112,DENY,0.240876,True,All features present in approved set; no protected attributes detected.,1780599702312149547,09590748ec64bc693b9ba78d454e36b4fb06321f4f48620684e4686c7397a45e,2383330d8e883f3a965948b9fa4449ee4d898ed62259d54553e37fb50df3fd72
112,113,APPROVE,0.70522,True,All features present in approved set; no protected attributes detected.,1780599702312159039,c06d062b772b2068be6388c631a0c0c390db15ff655ee26958142beddc6fd091,09590748ec64bc693b9ba78d454e36b4fb06321f4f48620684e4686c7397a45e
113,114,APPROVE,0.899908,True,All features present in approved set; no protected attributes detected.,1780599702312168548,e256aada21674bad60310eb1cd8fe1bbe2458ac318de49ceabc5c3bbb8ec2c19,c06d062b772b2068be6388c631a0c0c390db15ff655ee26958142beddc6fd091
114,115,DENY,0.113982,True,All features present in approved set; no protected attributes detected.,1780599702312178040,4e70a8bc6ce31f1ab1a39c9690ceafda9537468065954f019acceb1b8a11c080,e256aada21674bad60310eb1cd8fe1bbe2458ac318de49ceabc5c3bbb8ec2c19
115,116,DENY,0.133378,True,All features present in approved set; no protected attributes detected.,1780599702312187507,d8d475ab4be5e24ba470bd9d5afe03ec7653a85a59fb7ac4d51b665660309043,4e70a8bc6ce31f1ab1a39c9690ceafda9537468065954f019acceb1b8a11c080
116,117,APPROVE,0.903,True,All features present in approved set; no protected attributes detected.,1780599702312196759,02ffeeb7a59bdfd81e99956bcd8bd3263ffe6b13649d3308102231d0c7f7b4cb,d8d475ab4be5e24ba470bd9d5afe03ec7653a85a59fb7ac4d51b665660309043
117,118,DENY,0.11534,True,All features present in approved set; no protected attributes detected.,1780599702312206253,763ab3ff9f5bde44c02af50adcc19b14be690c5e2b880bb6439cc4a8ca58c778,02ffeeb7a59bdfd81e99956bcd8bd3263ffe6b13649d3308102231d0c7f7b4cb
118,119,DENY,0.356753,True,All features present in approved set; no protected attributes detected.,1780599702312215635,d7e3829dab715c7b90c63136786c750af87c11cce6896c8c385e1f85d9e30c52,763ab3ff9f5bde44c02af50adcc19b14be690c5e2b880bb6439cc4a8ca58c778
119,120,APPROVE,0.883741,True,All features present in approved set; no protected attributes detected.,1780599702312225071,322d4ad420c3f8478fb48f81716da2e8c6d2339429f0f47bfc8d8f341836582a,d7e3829dab715c7b90c63136786c750af87c11cce6896c8c385e1f85d9e30c52
120,121,DENY,0.150974,True,All features present in approved set; no protected attributes detected.,1780599702312234524,70724920284b245de013d558732b0467eeb1dbe780e1ada7e69a1ce76ec301bb,322d4ad420c3f8478fb48f81716da2e8c6d2339429f0f47bfc8d8f341836582a
121,122,DENY,0.069696,True,All features present in approved set; no protected attributes detected.,1780599702312244043,48045a54cce81adb925dd69b24c1f435b87153cca0b588645df92f856767e9ff,70724920284b245de013d558732b0467eeb1dbe780e1ada7e69a1ce76ec301bb
122,123,DENY,0.051513,True,All features present in approved set; no protected attributes detected.,1780599702312255020,8f6db5270e25419a24bb185e8460d837044f952f93b47018e7c35fe8826190d2,48045a54cce81adb925dd69b24c1f435b87153cca0b588645df92f856767e9ff
123,124,APPROVE,0.786658,True,All features present in approved set; no protected attributes detected.,1780599702312264554,5b348358182d8d0323662c41c03f258da5d4fdada20cccdc043bef4eb4650a57,8f6db5270e25419a24bb185e8460d837044f952f93b47018e7c35fe8826190d2
124,125,DENY,0.106611,True,All features present in approved set; no protected attributes detected.,1780599702312273912,6812d12e6f48f5cc1336c7fe55870154a489473e527454478837fdf4faac044a,5b348358182d8d0323662c41c03f258da5d4fdada20cccdc043bef4eb4650a57
125,126,DENY,0.174617,True,All features present in approved set; no protected attributes detected.,1780599702312283259,7a4cb15dbcfb169bd64c8df350f3b327c74fb6a935b5b3f40df9e57138c4e96d,6812d12e6f48f5cc1336c7fe55870154a489473e527454478837fdf4faac044a
126,127,APPROVE,0.868062,True,All features present in approved set; no protected attributes detected.,1780599702312292659,953a925f78f2a1e09ca971597050119d4e76e7b22462cb0ca01000bc9b4e962e,7a4cb15dbcfb169bd64c8df350f3b327c74fb6a935b5b3f40df9e57138c4e96d
127,128,DENY,0.106419,True,All features present in approved set; no protected attributes detected.,1780599702312302579,ca7ac70268085d6446edbb7c3a90919832bb95b3349872c686446a061befae79,953a925f78f2a1e09ca971597050119d4e76e7b22462cb0ca01000bc9b4e962e
128,129,DENY,0.24018,True,All features present in approved set; no protected attributes detected.,1780599702312312315,106ca35f552350c549a3220bd430a642bcaca3f3db100a500da378e58bf35de9,ca7ac70268085d6446edbb7c3a90919832bb95b3349872c686446a061befae79
129,130,APPROVE,0.910589,True,All features present in approved set; no protected attributes detected.,1780599702312321969,4e6a15dab32313fcda8d5b3a06ee00be71b415959cae762ca0f5e840551da2e7,106ca35f552350c549a3220bd430a642bcaca3f3db100a500da378e58bf35de9
130,131,DENY,0.373947,True,All features present in approved set; no protected attributes detected.,1780599702312331281,05341ac51d1644695f37270e79b587327251eabee92ff78fbcd488915c1da0d9,4e6a15dab32313fcda8d5b3a06ee00be71b415959cae762ca0f5e840551da2e7
131,132,APPROVE,0.543176,True,All features present in approved set; no protected attributes detected.,1780599702312340710,d1bc7f257c106f997a8f2d3cb8a5117e90c3d8949e7528e8b43903444b89a184,05341ac51d1644695f37270e79b587327251eabee92ff78fbcd488915c1da0d9
132,133,DENY,0.086301,True,All features present in approved set; no protected attributes detected.,1780599702312351575,8acaf630e77b137e50edd883a39501aa0db9dfc3701eef770365d2a60b02e41d,d1bc7f257c106f997a8f2d3cb8a5117e90c3d8949e7528e8b43903444b89a184
133,134,DENY,0.240386,True,All features present in approved set; no protected attributes detected.,1780599702312363290,38bc51b7408d273cb1ab2a872ee38f64efb36c14612493e13b3eb410dda6ce26,8acaf630e77b137e50edd883a39501aa0db9dfc3701eef770365d2a60b02e41d
134,135,APPROVE,0.730505,True,All features present in approved set; no protected attributes detected.,1780599702312373284,347e664a62f63ae12fd21396582d3709501330301056f9fc5025e8975dfcfcfb,38bc51b7408d273cb1ab2a872ee38f64efb36c14612493e13b3eb410dda6ce26
135,136,DENY,0.02944,True,All features present in approved set; no protected attributes detected.,1780599702312382949,f661025d9e2b104cf7dd85b06c90ebe1eb67ee0453c6ad1a65724684a9919ac3,347e664a62f63ae12fd21396582d3709501330301056f9fc5025e8975dfcfcfb
136,137,APPROVE,0.741172,True,All features present in approved set; no protected attributes detected.,1780599702312392378,6cb1c9d50d3982e1fe99e4e8bb9309c39709dd3fc46f3505cbd9b13ffe722982,f661025d9e2b104cf7dd85b06c90ebe1eb67ee0453c6ad1a65724684a9919ac3
137,138,DENY,0.034026,True,All features present in approved set; no protected attributes detected.,1780599702312401967,b9cb2add782915ac34088529a9f1e6ca1acf5b5c123005d20daad785b49cc093,6cb1c9d50d3982e1fe99e4e8bb9309c39709dd3fc46f3505cbd9b13ffe722982
138,139,APPROVE,0.967765,True,All features present in approved set; no protected attributes detected.,1780599702312411403,e07830d1860638ffc15754191b47bc32567335845365f872375fd61b42206748,b9cb2add782915ac34088529a9f1e6ca1acf5b5c123005d20daad785b49cc093
139,140,DENY,0.024644,True,All features present in approved set; no protected attributes detected.,1780599702312420797,f5f5b06b34c735ba6c754c788696733b81a26b36595c63b7553afeaf5ea5b4ed,e07830d1860638ffc15754191b47bc32567335845365f872375fd61b42206748
140,141,APPROVE,0.680069,True,All features present in approved set; no protected attributes detected.,1780599702312430081,edaeb54c1676598d5f388e16b54a5e281d59ba9ef2498472955e6d9a5e5447f0,f5f5b06b34c735ba6c754c788696733b81a26b36595c63b7553afeaf5ea5b4ed
141,142,DENY,0.051349,True,All features present in approved set; no protected attributes detected.,1780599702312439438,05194b0994cb6cf49ec73bdc876410a514034a1e7ecee6455f6dd76818f4358c,edaeb54c1676598d5f388e16b54a5e281d59ba9ef2498472955e6d9a5e5447f0
142,143,APPROVE,0.729281,True,All features present in approved set; no protected attributes detected.,1780599702312448792,be6a6554835f6994ad81623334dfe6a6f6d3e8f4777c5ad1f50bd792c9c3841e,05194b0994cb6cf49ec73bdc876410a514034a1e7ecee6455f6dd76818f4358c
143,144,DENY,0.049117,True,All features present in approved set; no protected attributes detected.,1780599702312459974,5a2790d9d153fa9feaaa4a747017821e95f3564390233fc75ae95e2008c13690,be6a6554835f6994ad81623334dfe6a6f6d3e8f4777c5ad1f50bd792c9c3841e
144,145,APPROVE,0.609081,True,All features present in approved set; no protected attributes detected.,1780599702312469430,343fa66a00b2d7dfd44f46b97ae724a8e963efedb0d7d4c6bdf2d3c5e7ada538,5a2790d9d153fa9feaaa4a747017821e95f3564390233fc75ae95e2008c13690
145,146,DENY,0.084383,True,All features present in approved set; no protected attributes detected.,1780599702312479091,1236635f1d2b2af2ec59a969f8e5cdb5226e7a559b490dde860d6d6ed952bf90,343fa66a00b2d7dfd44f46b97ae724a8e963efedb0d7d4c6bdf2d3c5e7ada538
146,147,APPROVE,0.593331,True,All features present in approved set; no protected attributes detected.,1780599702312490519,0582f31105ddd9432866f0139456c10acf01cd0e284c26c796f3ac13920dbdd3,1236635f1d2b2af2ec59a969f8e5cdb5226e7a559b490dde860d6d6ed952bf90
147,148,APPROVE,0.901021,True,All features present in approved set; no protected attributes detected.,1780599702312500243,6361d2fb2380ef95e95640f2df123266fd079a36dd4f876ca59db140550202d5,0582f31105ddd9432866f0139456c10acf01cd0e284c26c796f3ac13920dbdd3
148,149,DENY,0.304567,True,All features present in approved set; no protected attributes detected.,1780599702312509599,73e386319126fcf5d7b79566dc9eed97868b9b09b27e6bbf8b34a1dda14531a5,6361d2fb2380ef95e95640f2df123266fd079a36dd4f876ca59db140550202d5
149,150,DENY,0.456987,True,All features present in approved set; no protected attributes detected.,1780599702312519715,b89c4c22b7e56262c4ba11b832072ed0aaefae93597d09bdba21d6870c829d13,73e386319126fcf5d7b79566dc9eed97868b9b09b27e6bbf8b34a1dda14531a5
150,151,APPROVE,0.763662,True,All features present in approved set; no protected attributes detected.,1780599702312529002,cbf50fa5c5d8a94c47c6ae6e14afa0cdc564b81ad9e477b801726201d5bb7fc8,b89c4c22b7e56262c4ba11b832072ed0aaefae93597d09bdba21d6870c829d13
151,152,APPROVE,0.836324,True,All features present in approved set; no protected attributes detected.,1780599702312538378,97dfeeaf3db95e1e504a9f937f8670232d042854f490ff8bb2f7efcd778c03af,cbf50fa5c5d8a94c47c6ae6e14afa0cdc564b81ad9e477b801726201d5bb7fc8
152,153,APPROVE,0.593839,True,All features present in approved set; no protected attributes detected.,1780599702312547676,1283611b89820837af1e9dd1b2a4f4a227e2b37c438a9e420718c3e1584a6352,97dfeeaf3db95e1e504a9f937f8670232d042854f490ff8bb2f7efcd778c03af
153,154,DENY,0.219166,True,All features present in approved set; no protected attributes detected.,1780599702312558409,32f3689470287ef35335358176cc9a686b1dcec9195af5a5f539411d8039d302,1283611b89820837af1e9dd1b2a4f4a227e2b37c438a9e420718c3e1584a6352
154,155,DENY,0.10693,True,All features present in approved set; no protected attributes detected.,1780599702312567845,1d50f5e88089244b6a7ed459fa6e46f02cbb22ff2d94f48f15de21a190ef70b6,32f3689470287ef35335358176cc9a686b1dcec9195af5a5f539411d8039d302
155,156,APPROVE,0.822614,True,All features present in approved set; no protected attributes detected.,1780599702312577240,5ad6bc1ce68a9acc8da3e9fe6ec4b5b11cac277672763c81b68915828eca0d83,1d50f5e88089244b6a7ed459fa6e46f02cbb22ff2d94f48f15de21a190ef70b6
156,157,APPROVE,0.892664,True,All features present in approved set; no protected attributes detected.,1780599702312586552,b6a14c0d6323a536c0d476ac50892e8abab39b63626aa219bb965a9d11d5953a,5ad6bc1ce68a9acc8da3e9fe6ec4b5b11cac277672763c81b68915828eca0d83
157,158,APPROVE,0.959679,True,All features present in approved set; no protected attributes detected.,1780599702312598719,21359cd85172f98f440884963ff96a6d9c36db2fe7e010169deb74099b1d1ec8,b6a14c0d6323a536c0d476ac50892e8abab39b63626aa219bb965a9d11d5953a
158,159,APPROVE,0.989921,True,All features present in approved set; no protected attributes detected.,1780599702312613747,351648f1fa2e80ff94b08363fbcb17497682b10fe74b37b58bdd4771f9966ee5,21359cd85172f98f440884963ff96a6d9c36db2fe7e010169deb74099b1d1ec8
159,160,APPROVE,0.993693,True,All features present in approved set; no protected attributes detected.,1780599702312627978,181bd572f9bb75fabcca0064ee34acc96066edc12cb98d435303e7518041cea7,351648f1fa2e80ff94b08363fbcb17497682b10fe74b37b58bdd4771f9966ee5
160,161,DENY,0.26237,True,All features present in approved set; no protected attributes detected.,1780599702312651551,772f258c0a9901b279f5ce3ed97caadfdc45daf06520aeff38db5db999dca75d,181bd572f9bb75fabcca0064ee34acc96066edc12cb98d435303e7518041cea7
161,162,DENY,0.155231,True,All features present in approved set; no protected attributes detected.,1780599702312665026,ffe10fd8e45b2db53ab2ffb6d78fa1ed82e8324f6f788cce70296b6bef5ae302,772f258c0a9901b279f5ce3ed97caadfdc45daf06520aeff38db5db999dca75d
162,163,APPROVE,0.692786,True,All features present in approved set; no protected attributes detected.,1780599702312675802,c84c1aaf97da5b60fd25fe2f1f811847c9b78c48fdcfe01d7b1d0ac3cc9a753c,ffe10fd8e45b2db53ab2ffb6d78fa1ed82e8324f6f788cce70296b6bef5ae302
163,164,DENY,0.053623,True,All features present in approved set; no protected attributes detected.,1780599702312685426,7f1117b77f8d4e30899a92cefa2b591d2de23fb5d49ac29893732a5fe0bb16ac,c84c1aaf97da5b60fd25fe2f1f811847c9b78c48fdcfe01d7b1d0ac3cc9a753c
164,165,APPROVE,0.829709,True,All features present in approved set; no protected attributes detected.,1780599702312697105,9be083d307270e3bd51acb6bbcc332eb45f9350809507285acc011a68ecc2912,7f1117b77f8d4e30899a92cefa2b591d2de23fb5d49ac29893732a5fe0bb16ac
165,166,DENY,0.188744,True,All features present in approved set; no protected attributes detected.,1780599702312708140,1e4fa509f461eb1f06d64d32a137fa95b9f7dc2be3e1057a6180cc3c57042740,9be083d307270e3bd51acb6bbcc332eb45f9350809507285acc011a68ecc2912
166,167,APPROVE,0.708081,True,All features present in approved set; no protected attributes detected.,1780599702312717342,5aad3eaa9685eca37d8d69af5745b457a6082b3cb89927e299af3c0169491c4d,1e4fa509f461eb1f06d64d32a137fa95b9f7dc2be3e1057a6180cc3c57042740
167,168,APPROVE,0.73557,True,All features present in approved set; no protected attributes detected.,1780599702312726789,4a9fa54924f083ad3f6007032b47197fc61d1a0fd20faa93b1f818c2b26aaf8f,5aad3eaa9685eca37d8d69af5745b457a6082b3cb89927e299af3c0169491c4d
168,169,DENY,0.373656,True,All features present in approved set; no protected attributes detected.,1780599702312736058,8537e9fb293e66ee63114a221363b12d6790cdd615f6c1a92b9fa29129408c9f,4a9fa54924f083ad3f6007032b47197fc61d1a0fd20faa93b1f818c2b26aaf8f
169,170,APPROVE,0.952647,True,All features present in approved set; no protected attributes detected.,1780599702312745751,5ac142f27f56d51b6cfc82e72194f421e5c3a708e0889ab83ab9d8a4f4528caa,8537e9fb293e66ee63114a221363b12d6790cdd615f6c1a92b9fa29129408c9f
170,171,APPROVE,0.91416,True,All features present in approved set; no protected attributes detected.,1780599702312755029,8a94af63b7467dfb346f67ff4c12149afe6c0cd487aa6b55ef214ee9422c9a76,5ac142f27f56d51b6cfc82e72194f421e5c3a708e0889ab83ab9d8a4f4528caa
171,172,DENY,0.336736,True,All features present in approved set; no protected attributes detected.,1780599702312764473,8cda2f6b3ae80f574fe22c1e1717c70a71227bca58042288d8a39bc3f538bb96,8a94af63b7467dfb346f67ff4c12149afe6c0cd487aa6b55ef214ee9422c9a76
172,173,DENY,0.136519,True,All features present in approved set; no protected attributes detected.,1780599702312773812,f53d3ef3ee8aca447464d940ab9c423d58079c6a5c9597838293b173a328731b,8cda2f6b3ae80f574fe22c1e1717c70a71227bca58042288d8a39bc3f538bb96
173,174,DENY,0.128711,True,All features present in approved set; no protected attributes detected.,1780599702312784035,bdcc2528bc897908cbc5c72f89dea9cd585a4de8c5ffad165df1acf52f43f26a,f53d3ef3ee8aca447464d940ab9c423d58079c6a5c9597838293b173a328731b
174,175,DENY,0.006388,True,All features present in approved set; no protected attributes detected.,1780599702312794742,384f8c1b97d6cf841de5bedf53c41c725be66decf41fba788324d2eb90106669,bdcc2528bc897908cbc5c72f89dea9cd585a4de8c5ffad165df1acf52f43f26a
175,176,DENY,0.072688,True,All features present in approved set; no protected attributes detected.,1780599702312804121,58b88da73d1e19dc03af641d17ec2ff3b31bb03c5027ff22e7640f8c69a828a6,384f8c1b97d6cf841de5bedf53c41c725be66decf41fba788324d2eb90106669
176,177,APPROVE,0.867095,True,All features present in approved set; no protected attributes detected.,1780599702312813365,dc8609b34562da1ddb97765c06077484dac8d3b82748cd71c0ead88d53b1edec,58b88da73d1e19dc03af641d17ec2ff3b31bb03c5027ff22e7640f8c69a828a6
177,178,APPROVE,0.971064,True,All features present in approved set; no protected attributes detected.,1780599702312823121,dc23cefed6b117905df5ee88ac74893997d5f51db435f00742f948764b50f845,dc8609b34562da1ddb97765c06077484dac8d3b82748cd71c0ead88d53b1edec
178,179,APPROVE,0.988186,True,All features present in approved set; no protected attributes detected.,1780599702312832617,d7cea6555e21130f8990a60d85586c8db813ef6c5029feeb6b2d730f9c3d18e9,dc23cefed6b117905df5ee88ac74893997d5f51db435f00742f948764b50f845
179,180,DENY,0.103756,True,All features present in approved set; no protected attributes detected.,1780599702312885000,445d1cb5d090fc7406fc41fc2e0925c03fb4ec9c1ebb8118ca15bb0f90d42a64,d7cea6555e21130f8990a60d85586c8db813ef6c5029feeb6b2d730f9c3d18e9
180,181,DENY,0.191163,True,All features present in approved set; no protected attributes detected.,1780599702312901996,0758e773cb9ba7d9f0cbc878257be4b26dba4fdbf23b0561c1117af39d09c4a2,445d1cb5d090fc7406fc41fc2e0925c03fb4ec9c1ebb8118ca15bb0f90d42a64
181,182,APPROVE,0.956065,True,All features present in approved set; no protected attributes detected.,1780599702312912663,a8880bb93cebc97cb15d039da686ac86b1a555ad30908677560351d76736cdcb,0758e773cb9ba7d9f0cbc878257be4b26dba4fdbf23b0561c1117af39d09c4a2
182,183,DENY,0.089393,True,All features present in approved set; no protected attributes detected.,1780599702312922478,7f74264e1042cb76a4126712f54b05f4f49d94bfe5f428f4214e8502ee73a62a,a8880bb93cebc97cb15d039da686ac86b1a555ad30908677560351d76736cdcb
183,184,DENY,0.029697,True,All features present in approved set; no protected attributes detected.,1780599702312931947,b5afb49ab3b1b57486ea0b8a3b4e0bbaebdaf3d52bfdf58c32ccdf61e26080d0,7f74264e1042cb76a4126712f54b05f4f49d94bfe5f428f4214e8502ee73a62a
184,185,DENY,0.366909,True,All features present in approved set; no protected attributes detected.,1780599702312941234,82f586dff4365f560641422226381a32edc4e4e28fc7a68839c334a8f9818525,b5afb49ab3b1b57486ea0b8a3b4e0bbaebdaf3d52bfdf58c32ccdf61e26080d0
185,186,APPROVE,0.954641,True,All features present in approved set; no protected attributes detected.,1780599702312953877,451316f46af05cd86f3124e3adc05169c9c659e4b0ef03126284323fccb4807a,82f586dff4365f560641422226381a32edc4e4e28fc7a68839c334a8f9818525
186,187,APPROVE,0.883965,True,All features present in approved set; no protected attributes detected.,1780599702312963291,0fc52ac3d69bf85d70c63b1eb467a9ef8eb78cb490edcb80bd3d10528c37d714,451316f46af05cd86f3124e3adc05169c9c659e4b0ef03126284323fccb4807a
187,188,DENY,0.022656,True,All features present in approved set; no protected attributes detected.,1780599702312972741,e66767b7a5ef35f53e8e7322cc2ecc391065d985a1ac51a1fac82901daaf0230,0fc52ac3d69bf85d70c63b1eb467a9ef8eb78cb490edcb80bd3d10528c37d714
188,189,APPROVE,0.864226,True,All features present in approved set; no protected attributes detected.,1780599702312983700,a45bad6d03888879c3ca73a589bb41ebd782db1d543af12c7c05cf6cde3db67e,e66767b7a5ef35f53e8e7322cc2ecc391065d985a1ac51a1fac82901daaf0230
189,190,APPROVE,0.960854,True,All features present in approved set; no protected attributes detected.,1780599702312993142,fa27ffcdb4c0a7a5448c795447b1a25bcb3452481575bb47a2198619bade7f1e,a45bad6d03888879c3ca73a589bb41ebd782db1d543af12c7c05cf6cde3db67e
190,191,APPROVE,0.994127,True,All features present in approved set; no protected attributes detected.,1780599702313002674,5ed9e1c4fbaf40df3f1c317261ed2174da2ab654e22663354a79e9d96206ebb0,fa27ffcdb4c0a7a5448c795447b1a25bcb3452481575bb47a2198619bade7f1e
191,192,APPROVE,0.869528,True,All features present in approved set; no protected attributes detected.,1780599702313012148,caa851e43d28bc023cdc84542274989bcdfc9879847f113470846478e52adb2b,5ed9e1c4fbaf40df3f1c317261ed2174da2ab654e22663354a79e9d96206ebb0
192,193,DENY,0.06113,True,All features present in approved set; no protected attributes detected.,1780599702313021548,7fe5427813dc7428a3109b5e1c25b98e118d8f2e3cbd7a5e30e46b04204a105a,caa851e43d28bc023cdc84542274989bcdfc9879847f113470846478e52adb2b
193,194,APPROVE,0.79265,True,All features present in approved set; no protected attributes detected.,1780599702313030958,ce6192798f0830c80ab7a7cd3fbcb94698cd2df8cbc99f9f7a05dec2c06824fe,7fe5427813dc7428a3109b5e1c25b98e118d8f2e3cbd7a5e30e46b04204a105a
194,195,DENY,0.157066,True,All features present in approved set; no protected attributes detected.,1780599702313040659,2ee85c43d3e17d929d2f73e5bc59906153b8341bbcaba30df74f3a3f8cff0d4e,ce6192798f0830c80ab7a7cd3fbcb94698cd2df8cbc99f9f7a05dec2c06824fe
195,196,DENY,0.485093,True,All features present in approved set; no protected attributes detected.,1780599702313050132,e9808cc3b6b4413cdc0cb5327f02d14d7aa74dda84611554417ffb1a22cbbe1f,2ee85c43d3e17d929d2f73e5bc59906153b8341bbcaba30df74f3a3f8cff0d4e
196,197,APPROVE,0.820182,True,All features present in approved set; no protected attributes detected.,1780599702313061094,01a3b9dfd044b8f5a24645dd2116f678538d44a2d1c78eaba53c9b1dcac899fc,e9808cc3b6b4413cdc0cb5327f02d14d7aa74dda84611554417ffb1a22cbbe1f
197,198,APPROVE,0.949795,True,All features present in approved set; no protected attributes detected.,1780599702313072238,c38f88c036e68b6fb0db0bd6e9365f2f819a246153628e1e02f9e45df6c9aa82,01a3b9dfd044b8f5a24645dd2116f678538d44a2d1c78eaba53c9b1dcac899fc
198,199,DENY,0.097034,True,All features present in approved set; no protected attributes detected.,1780599702313081656,3b357467bf13c11ed472fb05f44f296ab7e3c3afdae92a4bd7f4f85cc6de38a6,c38f88c036e68b6fb0db0bd6e9365f2f819a246153628e1e02f9e45df6c9aa82
199,200,APPROVE,0.879141,True,All features present in approved set; no protected attributes detected.,1780599702313091141,a61e5a5682f4f52aa13d6e2f0eefaa37a5d08344dffcd5db40536e99d5bc72ce,3b357467bf13c11ed472fb05f44f296ab7e3c3afdae92a4bd7f4f85cc6de38a6
